{"train_dice_loss": [0.38362270498417966, 0.3149003973785454, 0.4263499683603364, 0.22377547224733818, 0.17189174231775647], "valid_dice_loss": [0.638447549670419, 0.6156158441744045, 0.6148603793898122, 0.6147640264952319, 0.6147423646427075], "train_iou_score": [0.5019857583875773, 0.5869052701087157, 0.4444582067474389, 0.7000656947265742, 0.7731407992498475], "valid_iou_score": [0.28170734981656, 0.28170734981656, 0.28170734981656, 0.28170734981656, 0.28170734981656]}