{"train_dice_loss": [0.1685387395979129, 0.2975248932886327, 0.16993116593494825, 0.1488421714642267, 0.36700944264077606], "valid_dice_loss": [0.6158812289530361, 0.6163903519455962, 0.6171715191352242, 0.6178625115098071, 0.6174147543852296], "train_iou_score": [0.7828536690359365, 0.5940356557612835, 0.7711726855243074, 0.8070797800054185, 0.5961586587037224], "valid_iou_score": [0.28170734981656, 0.28170971787475346, 0.28168921015695786, 0.2815363565998418, 0.2817038667032153], "optimizer": "Adam"}